sharpe_ratio,max_drawdown,final_portfolio,num_trades
1.9173104732766835,0.015840303727927885,12782.357854946498,6
